rownames(fixed_effects),Estimate,Est.Error,Q2.5,Q97.5
Intercept,-2.074352665388824,0.34720209114432965,-2.7639642577684507,-1.3918839242168408
btwnconditionexhMonly,-0.9173814629218079,0.49308777409055865,-1.8709544296510736,0.022594564918369697
btwnconditionexhMsubclausal,-1.133344920251917,0.5030995788231366,-2.1216539672378567,-0.0975824607704998
btwnconditionexhMclausal,-1.0262123119858082,0.4974846550451455,-2.020541213499691,-0.09451659794252172
