rownames(fixed_effects),Estimate,Est.Error,Q2.5,Q97.5
Intercept,-2.17987158432517,0.3828753840060838,-2.94745352623818,-1.4482231551739104
btwnconditionexhMonly,-1.115550673421604,0.5551287998889145,-2.237983371532931,-0.03129232721014634
btwnconditionexhMsubclausal,-1.4830649135548881,0.5423574567019099,-2.5571967250235774,-0.4599527055249193
btwnconditionexhMclausal,-1.1659148439510283,0.5230788954325182,-2.1992809164073446,-0.1576225693213746
