rownames(fixed_effects),Estimate,Est.Error,Q2.5,Q97.5
Intercept,-2.2534927703484833,0.40745549044753343,-3.0677749566833894,-1.4967068689842982
btwnconditionexhMonly,-1.1781216677081838,0.5843095100015775,-2.298299849479067,-0.03489611037999609
btwnconditionexhMsubclausal,-1.620625762936092,0.6052613282502165,-2.816321140660651,-0.42896244223210345
btwnconditionexhMclausal,-1.269899476911905,0.570345859987557,-2.373528839834046,-0.1450837830745202
