rownames(fixed_effects),Estimate,Est.Error,Q2.5,Q97.5
Intercept,0.5328561270102968,0.300643354542835,-0.05619025069890141,1.1206489344394888
btwnconditionexhMonly,-0.2991123711943386,0.4209235377515195,-1.125911142810664,0.5460206803824373
btwnconditionexhMsubclausal,-1.0631662954283176,0.42327603715536066,-1.905025105939953,-0.2506319177854493
btwnconditionexhMclausal,-0.7232404884126205,0.42115559281252324,-1.5746478410984357,0.08777123598458353
