rownames(fixed_effects),Estimate,Est.Error,Q2.5,Q97.5
Intercept,0.482817130467437,0.2996344803833191,-0.10897504366992165,1.0766761302742711
btwnconditionexhMonly,-0.3621570508540423,0.43555790080718776,-1.2140303856001062,0.49952282044341634
btwnconditionexhMsubclausal,-1.1637996743863963,0.42106126451096776,-1.9687222917500153,-0.32155344563118893
btwnconditionexhMclausal,-0.7506542029530391,0.4342494306011186,-1.6219374853297543,0.11705801762448875
