rownames(fixed_effects),Estimate,Est.Error,Q2.5,Q97.5
Intercept,0.5247354872884094,0.3144750135384533,-0.08035809005024709,1.150303703197325
btwnconditionexhMonly,-0.381536332936105,0.43753796810163725,-1.2407041440830342,0.46896013105537204
btwnconditionexhMsubclausal,-1.2402561561819405,0.4360602959239246,-2.131615582556951,-0.4153753837377986
btwnconditionexhMclausal,-0.8266645506563237,0.43484742865707365,-1.6754902181520124,0.016008245308385023
