rownames(fixed_effects),Estimate,Est.Error,Q2.5,Q97.5
Intercept,-0.38493168909200454,0.3290515169433217,-1.0451416465106989,0.2669676154483933
btwnconditionexhMonly,0.4185097748652535,0.45688112162693895,-0.47673496074312743,1.3070936240503161
btwnconditionexhMsubclausal,-0.29367063228555323,0.45846108610774894,-1.189837310044276,0.5870618556131897
btwnconditionexhMclausal,-0.643690109738079,0.46514917155623897,-1.5492969580822198,0.25520419582836223
