rownames(fixed_effects),Estimate,Est.Error,Q2.5,Q97.5
Intercept,-0.3879177872959864,0.3190500813885074,-1.0169096474785024,0.24943368279628148
btwnconditionexhMonly,0.4598220905594712,0.4571281434569713,-0.4310059280883711,1.3470412049273233
btwnconditionexhMsubclausal,-0.10390052701039557,0.45825258414651227,-0.9782342682127131,0.7869331516686549
btwnconditionexhMclausal,-0.5790387631980303,0.45529093112009456,-1.4463037105252405,0.32969506869363285
