rownames(fixed_effects),Estimate,Est.Error,Q2.5,Q97.5
Intercept,-0.3936228777604472,0.31980062207995485,-1.0271958520719464,0.24823755875082207
btwnconditionexhMonly,0.3689437345670371,0.4612936156797032,-0.5308433228599501,1.280413883699807
btwnconditionexhMsubclausal,-0.28399705556325977,0.4467813334459016,-1.1494703302111573,0.6103655753655541
btwnconditionexhMclausal,-0.701135866389056,0.45821002004076095,-1.6320682036277154,0.17944940408365417
