{"probs":[0.35326805923965915,0.6467319407603408],"support":[{"state":9},{"state":6}]}