{"probs":[0.28571428571428575,0.7142857142857142],"support":[{"state":9},{"state":6}]}