{"probs":[0.15384615384615383,0.8461538461538463],"support":[{"state":9},{"state":6}]}