{"probs":[0.39999999999999997,0.6000000000000001],"support":[{"state":9},{"state":6}]}